C-DEMIND_ZEIT-0;C-DEMIND_NUTS3-0;F-DEMIND_CBR
DEMIND_ZEIT-2002;GRNU-AT111;7,260
DEMIND_ZEIT-2002;GRNU-AT112;8,147
DEMIND_ZEIT-2002;GRNU-AT113;7,541
DEMIND_ZEIT-2002;GRNU-AT121;9,985
DEMIND_ZEIT-2002;GRNU-AT122;9,883
DEMIND_ZEIT-2002;GRNU-AT123;9,185
DEMIND_ZEIT-2002;GRNU-AT124;9,193
DEMIND_ZEIT-2002;GRNU-AT125;8,043
DEMIND_ZEIT-2002;GRNU-AT126;8,534
DEMIND_ZEIT-2002;GRNU-AT127;9,057
DEMIND_ZEIT-2002;GRNU-AT130;10,379
DEMIND_ZEIT-2002;GRNU-AT211;8,209
DEMIND_ZEIT-2002;GRNU-AT212;9,186
DEMIND_ZEIT-2002;GRNU-AT213;8,925
DEMIND_ZEIT-2002;GRNU-AT221;9,407
DEMIND_ZEIT-2002;GRNU-AT222;8,600
DEMIND_ZEIT-2002;GRNU-AT223;7,055
DEMIND_ZEIT-2002;GRNU-AT224;9,092
DEMIND_ZEIT-2002;GRNU-AT225;8,915
DEMIND_ZEIT-2002;GRNU-AT226;8,810
DEMIND_ZEIT-2002;GRNU-AT311;10,118
DEMIND_ZEIT-2002;GRNU-AT312;9,935
DEMIND_ZEIT-2002;GRNU-AT313;10,465
DEMIND_ZEIT-2002;GRNU-AT314;9,785
DEMIND_ZEIT-2002;GRNU-AT315;10,068
DEMIND_ZEIT-2002;GRNU-AT321;9,857
DEMIND_ZEIT-2002;GRNU-AT322;10,616
DEMIND_ZEIT-2002;GRNU-AT323;10,515
DEMIND_ZEIT-2002;GRNU-AT331;9,253
DEMIND_ZEIT-2002;GRNU-AT332;9,780
DEMIND_ZEIT-2002;GRNU-AT333;9,652
DEMIND_ZEIT-2002;GRNU-AT334;11,422
DEMIND_ZEIT-2002;GRNU-AT335;10,719
DEMIND_ZEIT-2002;GRNU-AT341;10,574
DEMIND_ZEIT-2002;GRNU-AT342;11,609
DEMIND_ZEIT-2002;GRNU-AT11;7,812
DEMIND_ZEIT-2002;GRNU-AT12;9,187
DEMIND_ZEIT-2002;GRNU-AT13;10,379
DEMIND_ZEIT-2002;GRNU-AT21;8,641
DEMIND_ZEIT-2002;GRNU-AT22;8,802
DEMIND_ZEIT-2002;GRNU-AT31;10,054
DEMIND_ZEIT-2002;GRNU-AT32;10,519
DEMIND_ZEIT-2002;GRNU-AT33;10,299
DEMIND_ZEIT-2002;GRNU-AT34;11,354
DEMIND_ZEIT-2002;GRNU-AT1;9,629
DEMIND_ZEIT-2002;GRNU-AT2;8,751
DEMIND_ZEIT-2002;GRNU-AT3;10,350
DEMIND_ZEIT-2002;GRNU-AT0;9,700
DEMIND_ZEIT-2003;GRNU-AT111;6,693
DEMIND_ZEIT-2003;GRNU-AT112;8,255
DEMIND_ZEIT-2003;GRNU-AT113;7,673
DEMIND_ZEIT-2003;GRNU-AT121;10,026
DEMIND_ZEIT-2003;GRNU-AT122;9,310
DEMIND_ZEIT-2003;GRNU-AT123;9,063
DEMIND_ZEIT-2003;GRNU-AT124;8,349
DEMIND_ZEIT-2003;GRNU-AT125;7,931
DEMIND_ZEIT-2003;GRNU-AT126;8,220
DEMIND_ZEIT-2003;GRNU-AT127;8,974
DEMIND_ZEIT-2003;GRNU-AT130;10,298
DEMIND_ZEIT-2003;GRNU-AT211;8,167
DEMIND_ZEIT-2003;GRNU-AT212;8,960
DEMIND_ZEIT-2003;GRNU-AT213;9,076
DEMIND_ZEIT-2003;GRNU-AT221;8,985
DEMIND_ZEIT-2003;GRNU-AT222;9,044
DEMIND_ZEIT-2003;GRNU-AT223;7,493
DEMIND_ZEIT-2003;GRNU-AT224;9,143
DEMIND_ZEIT-2003;GRNU-AT225;8,806
DEMIND_ZEIT-2003;GRNU-AT226;8,189
DEMIND_ZEIT-2003;GRNU-AT311;9,484
DEMIND_ZEIT-2003;GRNU-AT312;9,760
DEMIND_ZEIT-2003;GRNU-AT313;9,856
DEMIND_ZEIT-2003;GRNU-AT314;10,028
DEMIND_ZEIT-2003;GRNU-AT315;9,833
DEMIND_ZEIT-2003;GRNU-AT321;10,372
DEMIND_ZEIT-2003;GRNU-AT322;10,253
DEMIND_ZEIT-2003;GRNU-AT323;9,838
DEMIND_ZEIT-2003;GRNU-AT331;8,513
DEMIND_ZEIT-2003;GRNU-AT332;9,738
DEMIND_ZEIT-2003;GRNU-AT333;10,346
DEMIND_ZEIT-2003;GRNU-AT334;10,579
DEMIND_ZEIT-2003;GRNU-AT335;10,351
DEMIND_ZEIT-2003;GRNU-AT341;9,998
DEMIND_ZEIT-2003;GRNU-AT342;10,835
DEMIND_ZEIT-2003;GRNU-AT11;7,838
DEMIND_ZEIT-2003;GRNU-AT12;8,888
DEMIND_ZEIT-2003;GRNU-AT13;10,298
DEMIND_ZEIT-2003;GRNU-AT21;8,610
DEMIND_ZEIT-2003;GRNU-AT22;8,707
DEMIND_ZEIT-2003;GRNU-AT31;9,761
DEMIND_ZEIT-2003;GRNU-AT32;9,990
DEMIND_ZEIT-2003;GRNU-AT33;10,054
DEMIND_ZEIT-2003;GRNU-AT34;10,629
DEMIND_ZEIT-2003;GRNU-AT1;9,461
DEMIND_ZEIT-2003;GRNU-AT2;8,676
DEMIND_ZEIT-2003;GRNU-AT3;9,974
DEMIND_ZEIT-2003;GRNU-AT0;9,478
DEMIND_ZEIT-2004;GRNU-AT111;7,744
DEMIND_ZEIT-2004;GRNU-AT112;8,290
DEMIND_ZEIT-2004;GRNU-AT113;7,580
DEMIND_ZEIT-2004;GRNU-AT121;10,599
DEMIND_ZEIT-2004;GRNU-AT122;9,378
DEMIND_ZEIT-2004;GRNU-AT123;9,541
DEMIND_ZEIT-2004;GRNU-AT124;8,819
DEMIND_ZEIT-2004;GRNU-AT125;8,175
DEMIND_ZEIT-2004;GRNU-AT126;8,331
DEMIND_ZEIT-2004;GRNU-AT127;9,115
DEMIND_ZEIT-2004;GRNU-AT130;10,403
DEMIND_ZEIT-2004;GRNU-AT211;8,568
DEMIND_ZEIT-2004;GRNU-AT212;8,642
DEMIND_ZEIT-2004;GRNU-AT213;8,890
DEMIND_ZEIT-2004;GRNU-AT221;9,013
DEMIND_ZEIT-2004;GRNU-AT222;8,719
DEMIND_ZEIT-2004;GRNU-AT223;7,658
DEMIND_ZEIT-2004;GRNU-AT224;9,047
DEMIND_ZEIT-2004;GRNU-AT225;8,990
DEMIND_ZEIT-2004;GRNU-AT226;8,568
DEMIND_ZEIT-2004;GRNU-AT311;9,543
DEMIND_ZEIT-2004;GRNU-AT312;10,125
DEMIND_ZEIT-2004;GRNU-AT313;10,565
DEMIND_ZEIT-2004;GRNU-AT314;9,758
DEMIND_ZEIT-2004;GRNU-AT315;10,020
DEMIND_ZEIT-2004;GRNU-AT321;10,692
DEMIND_ZEIT-2004;GRNU-AT322;10,025
DEMIND_ZEIT-2004;GRNU-AT323;10,083
DEMIND_ZEIT-2004;GRNU-AT331;8,535
DEMIND_ZEIT-2004;GRNU-AT332;9,918
DEMIND_ZEIT-2004;GRNU-AT333;10,448
DEMIND_ZEIT-2004;GRNU-AT334;10,676
DEMIND_ZEIT-2004;GRNU-AT335;10,699
DEMIND_ZEIT-2004;GRNU-AT341;10,344
DEMIND_ZEIT-2004;GRNU-AT342;11,576
DEMIND_ZEIT-2004;GRNU-AT11;7,967
DEMIND_ZEIT-2004;GRNU-AT12;9,164
DEMIND_ZEIT-2004;GRNU-AT13;10,403
DEMIND_ZEIT-2004;GRNU-AT21;8,676
DEMIND_ZEIT-2004;GRNU-AT22;8,761
DEMIND_ZEIT-2004;GRNU-AT31;10,017
DEMIND_ZEIT-2004;GRNU-AT32;10,090
DEMIND_ZEIT-2004;GRNU-AT33;10,267
DEMIND_ZEIT-2004;GRNU-AT34;11,274
DEMIND_ZEIT-2004;GRNU-AT1;9,648
DEMIND_ZEIT-2004;GRNU-AT2;8,734
DEMIND_ZEIT-2004;GRNU-AT3;10,240
DEMIND_ZEIT-2004;GRNU-AT0;9,666
DEMIND_ZEIT-2005;GRNU-AT111;7,265
DEMIND_ZEIT-2005;GRNU-AT112;8,112
DEMIND_ZEIT-2005;GRNU-AT113;7,731
DEMIND_ZEIT-2005;GRNU-AT121;10,117
DEMIND_ZEIT-2005;GRNU-AT122;9,619
DEMIND_ZEIT-2005;GRNU-AT123;9,465
DEMIND_ZEIT-2005;GRNU-AT124;8,361
DEMIND_ZEIT-2005;GRNU-AT125;7,701
DEMIND_ZEIT-2005;GRNU-AT126;8,482
DEMIND_ZEIT-2005;GRNU-AT127;8,936
DEMIND_ZEIT-2005;GRNU-AT130;10,197
DEMIND_ZEIT-2005;GRNU-AT211;8,630
DEMIND_ZEIT-2005;GRNU-AT212;8,510
DEMIND_ZEIT-2005;GRNU-AT213;8,723
DEMIND_ZEIT-2005;GRNU-AT221;9,576
DEMIND_ZEIT-2005;GRNU-AT222;8,629
DEMIND_ZEIT-2005;GRNU-AT223;7,287
DEMIND_ZEIT-2005;GRNU-AT224;9,051
DEMIND_ZEIT-2005;GRNU-AT225;8,342
DEMIND_ZEIT-2005;GRNU-AT226;7,890
DEMIND_ZEIT-2005;GRNU-AT311;9,296
DEMIND_ZEIT-2005;GRNU-AT312;9,865
DEMIND_ZEIT-2005;GRNU-AT313;10,003
DEMIND_ZEIT-2005;GRNU-AT314;9,955
DEMIND_ZEIT-2005;GRNU-AT315;9,649
DEMIND_ZEIT-2005;GRNU-AT321;8,729
DEMIND_ZEIT-2005;GRNU-AT322;10,590
DEMIND_ZEIT-2005;GRNU-AT323;9,927
DEMIND_ZEIT-2005;GRNU-AT331;9,276
DEMIND_ZEIT-2005;GRNU-AT332;9,653
DEMIND_ZEIT-2005;GRNU-AT333;9,829
DEMIND_ZEIT-2005;GRNU-AT334;11,179
DEMIND_ZEIT-2005;GRNU-AT335;10,064
DEMIND_ZEIT-2005;GRNU-AT341;10,328
DEMIND_ZEIT-2005;GRNU-AT342;11,242
DEMIND_ZEIT-2005;GRNU-AT11;7,865
DEMIND_ZEIT-2005;GRNU-AT12;9,012
DEMIND_ZEIT-2005;GRNU-AT13;10,197
DEMIND_ZEIT-2005;GRNU-AT21;8,628
DEMIND_ZEIT-2005;GRNU-AT22;8,720
DEMIND_ZEIT-2005;GRNU-AT31;9,748
DEMIND_ZEIT-2005;GRNU-AT32;10,085
DEMIND_ZEIT-2005;GRNU-AT33;10,006
DEMIND_ZEIT-2005;GRNU-AT34;11,019
DEMIND_ZEIT-2005;GRNU-AT1;9,477
DEMIND_ZEIT-2005;GRNU-AT2;8,691
DEMIND_ZEIT-2005;GRNU-AT3;10,022
DEMIND_ZEIT-2005;GRNU-AT0;9,506
DEMIND_ZEIT-2006;GRNU-AT111;6,942
DEMIND_ZEIT-2006;GRNU-AT112;7,833
DEMIND_ZEIT-2006;GRNU-AT113;7,498
DEMIND_ZEIT-2006;GRNU-AT121;10,134
DEMIND_ZEIT-2006;GRNU-AT122;9,275
DEMIND_ZEIT-2006;GRNU-AT123;9,433
DEMIND_ZEIT-2006;GRNU-AT124;8,289
DEMIND_ZEIT-2006;GRNU-AT125;7,384
DEMIND_ZEIT-2006;GRNU-AT126;8,385
DEMIND_ZEIT-2006;GRNU-AT127;9,131
DEMIND_ZEIT-2006;GRNU-AT130;10,329
DEMIND_ZEIT-2006;GRNU-AT211;8,556
DEMIND_ZEIT-2006;GRNU-AT212;8,732
DEMIND_ZEIT-2006;GRNU-AT213;9,269
DEMIND_ZEIT-2006;GRNU-AT221;9,366
DEMIND_ZEIT-2006;GRNU-AT222;8,790
DEMIND_ZEIT-2006;GRNU-AT223;7,500
DEMIND_ZEIT-2006;GRNU-AT224;8,722
DEMIND_ZEIT-2006;GRNU-AT225;7,915
DEMIND_ZEIT-2006;GRNU-AT226;7,934
DEMIND_ZEIT-2006;GRNU-AT311;9,133
DEMIND_ZEIT-2006;GRNU-AT312;9,820
DEMIND_ZEIT-2006;GRNU-AT313;10,273
DEMIND_ZEIT-2006;GRNU-AT314;9,585
DEMIND_ZEIT-2006;GRNU-AT315;9,334
DEMIND_ZEIT-2006;GRNU-AT321;10,179
DEMIND_ZEIT-2006;GRNU-AT322;9,340
DEMIND_ZEIT-2006;GRNU-AT323;9,613
DEMIND_ZEIT-2006;GRNU-AT331;8,961
DEMIND_ZEIT-2006;GRNU-AT332;9,503
DEMIND_ZEIT-2006;GRNU-AT333;10,026
DEMIND_ZEIT-2006;GRNU-AT334;10,828
DEMIND_ZEIT-2006;GRNU-AT335;10,166
DEMIND_ZEIT-2006;GRNU-AT341;10,261
DEMIND_ZEIT-2006;GRNU-AT342;10,714
DEMIND_ZEIT-2006;GRNU-AT11;7,597
DEMIND_ZEIT-2006;GRNU-AT12;8,942
DEMIND_ZEIT-2006;GRNU-AT13;10,329
DEMIND_ZEIT-2006;GRNU-AT21;8,796
DEMIND_ZEIT-2006;GRNU-AT22;8,561
DEMIND_ZEIT-2006;GRNU-AT31;9,646
DEMIND_ZEIT-2006;GRNU-AT32;9,551
DEMIND_ZEIT-2006;GRNU-AT33;9,931
DEMIND_ZEIT-2006;GRNU-AT34;10,603
DEMIND_ZEIT-2006;GRNU-AT1;9,488
DEMIND_ZEIT-2006;GRNU-AT2;8,636
DEMIND_ZEIT-2006;GRNU-AT3;9,812
DEMIND_ZEIT-2006;GRNU-AT0;9,424
DEMIND_ZEIT-2007;GRNU-AT111;7,554
DEMIND_ZEIT-2007;GRNU-AT112;7,821
DEMIND_ZEIT-2007;GRNU-AT113;7,712
DEMIND_ZEIT-2007;GRNU-AT121;9,319
DEMIND_ZEIT-2007;GRNU-AT122;8,924
DEMIND_ZEIT-2007;GRNU-AT123;9,228
DEMIND_ZEIT-2007;GRNU-AT124;8,238
DEMIND_ZEIT-2007;GRNU-AT125;7,702
DEMIND_ZEIT-2007;GRNU-AT126;8,013
DEMIND_ZEIT-2007;GRNU-AT127;8,419
DEMIND_ZEIT-2007;GRNU-AT130;10,138
DEMIND_ZEIT-2007;GRNU-AT211;8,459
DEMIND_ZEIT-2007;GRNU-AT212;7,908
DEMIND_ZEIT-2007;GRNU-AT213;8,708
DEMIND_ZEIT-2007;GRNU-AT221;9,355
DEMIND_ZEIT-2007;GRNU-AT222;8,344
DEMIND_ZEIT-2007;GRNU-AT223;7,004
DEMIND_ZEIT-2007;GRNU-AT224;8,762
DEMIND_ZEIT-2007;GRNU-AT225;7,876
DEMIND_ZEIT-2007;GRNU-AT226;7,778
DEMIND_ZEIT-2007;GRNU-AT311;8,844
DEMIND_ZEIT-2007;GRNU-AT312;9,659
DEMIND_ZEIT-2007;GRNU-AT313;9,918
DEMIND_ZEIT-2007;GRNU-AT314;9,526
DEMIND_ZEIT-2007;GRNU-AT315;9,294
DEMIND_ZEIT-2007;GRNU-AT321;9,573
DEMIND_ZEIT-2007;GRNU-AT322;9,791
DEMIND_ZEIT-2007;GRNU-AT323;9,461
DEMIND_ZEIT-2007;GRNU-AT331;8,204
DEMIND_ZEIT-2007;GRNU-AT332;9,267
DEMIND_ZEIT-2007;GRNU-AT333;8,941
DEMIND_ZEIT-2007;GRNU-AT334;11,084
DEMIND_ZEIT-2007;GRNU-AT335;9,491
DEMIND_ZEIT-2007;GRNU-AT341;9,158
DEMIND_ZEIT-2007;GRNU-AT342;10,530
DEMIND_ZEIT-2007;GRNU-AT11;7,748
DEMIND_ZEIT-2007;GRNU-AT12;8,553
DEMIND_ZEIT-2007;GRNU-AT13;10,138
DEMIND_ZEIT-2007;GRNU-AT21;8,401
DEMIND_ZEIT-2007;GRNU-AT22;8,450
DEMIND_ZEIT-2007;GRNU-AT31;9,463
DEMIND_ZEIT-2007;GRNU-AT32;9,568
DEMIND_ZEIT-2007;GRNU-AT33;9,530
DEMIND_ZEIT-2007;GRNU-AT34;10,198
DEMIND_ZEIT-2007;GRNU-AT1;9,235
DEMIND_ZEIT-2007;GRNU-AT2;8,435
DEMIND_ZEIT-2007;GRNU-AT3;9,587
DEMIND_ZEIT-2007;GRNU-AT0;9,192
DEMIND_ZEIT-2008;GRNU-AT111;7,261
DEMIND_ZEIT-2008;GRNU-AT112;8,130
DEMIND_ZEIT-2008;GRNU-AT113;7,674
DEMIND_ZEIT-2008;GRNU-AT121;10,280
DEMIND_ZEIT-2008;GRNU-AT122;8,992
DEMIND_ZEIT-2008;GRNU-AT123;9,234
DEMIND_ZEIT-2008;GRNU-AT124;8,239
DEMIND_ZEIT-2008;GRNU-AT125;7,733
DEMIND_ZEIT-2008;GRNU-AT126;8,386
DEMIND_ZEIT-2008;GRNU-AT127;8,543
DEMIND_ZEIT-2008;GRNU-AT130;10,373
DEMIND_ZEIT-2008;GRNU-AT211;8,524
DEMIND_ZEIT-2008;GRNU-AT212;7,996
DEMIND_ZEIT-2008;GRNU-AT213;8,623
DEMIND_ZEIT-2008;GRNU-AT221;9,574
DEMIND_ZEIT-2008;GRNU-AT222;8,297
DEMIND_ZEIT-2008;GRNU-AT223;6,901
DEMIND_ZEIT-2008;GRNU-AT224;8,576
DEMIND_ZEIT-2008;GRNU-AT225;8,134
DEMIND_ZEIT-2008;GRNU-AT226;7,863
DEMIND_ZEIT-2008;GRNU-AT311;9,076
DEMIND_ZEIT-2008;GRNU-AT312;9,971
DEMIND_ZEIT-2008;GRNU-AT313;9,949
DEMIND_ZEIT-2008;GRNU-AT314;9,049
DEMIND_ZEIT-2008;GRNU-AT315;9,511
DEMIND_ZEIT-2008;GRNU-AT321;8,896
DEMIND_ZEIT-2008;GRNU-AT322;9,624
DEMIND_ZEIT-2008;GRNU-AT323;9,682
DEMIND_ZEIT-2008;GRNU-AT331;8,483
DEMIND_ZEIT-2008;GRNU-AT332;9,440
DEMIND_ZEIT-2008;GRNU-AT333;8,813
DEMIND_ZEIT-2008;GRNU-AT334;10,169
DEMIND_ZEIT-2008;GRNU-AT335;9,769
DEMIND_ZEIT-2008;GRNU-AT341;10,199
DEMIND_ZEIT-2008;GRNU-AT342;10,395
DEMIND_ZEIT-2008;GRNU-AT11;7,857
DEMIND_ZEIT-2008;GRNU-AT12;8,805
DEMIND_ZEIT-2008;GRNU-AT13;10,373
DEMIND_ZEIT-2008;GRNU-AT21;8,429
DEMIND_ZEIT-2008;GRNU-AT22;8,515
DEMIND_ZEIT-2008;GRNU-AT31;9,618
DEMIND_ZEIT-2008;GRNU-AT32;9,633
DEMIND_ZEIT-2008;GRNU-AT33;9,568
DEMIND_ZEIT-2008;GRNU-AT34;10,347
DEMIND_ZEIT-2008;GRNU-AT1;9,469
DEMIND_ZEIT-2008;GRNU-AT2;8,488
DEMIND_ZEIT-2008;GRNU-AT3;9,698
DEMIND_ZEIT-2008;GRNU-AT0;9,343
DEMIND_ZEIT-2009;GRNU-AT111;7,763
DEMIND_ZEIT-2009;GRNU-AT112;7,666
DEMIND_ZEIT-2009;GRNU-AT113;7,250
DEMIND_ZEIT-2009;GRNU-AT121;9,776
DEMIND_ZEIT-2009;GRNU-AT122;8,304
DEMIND_ZEIT-2009;GRNU-AT123;8,269
DEMIND_ZEIT-2009;GRNU-AT124;8,393
DEMIND_ZEIT-2009;GRNU-AT125;7,092
DEMIND_ZEIT-2009;GRNU-AT126;8,302
DEMIND_ZEIT-2009;GRNU-AT127;8,611
DEMIND_ZEIT-2009;GRNU-AT130;10,185
DEMIND_ZEIT-2009;GRNU-AT211;8,099
DEMIND_ZEIT-2009;GRNU-AT212;7,898
DEMIND_ZEIT-2009;GRNU-AT213;8,495
DEMIND_ZEIT-2009;GRNU-AT221;9,189
DEMIND_ZEIT-2009;GRNU-AT222;8,311
DEMIND_ZEIT-2009;GRNU-AT223;6,955
DEMIND_ZEIT-2009;GRNU-AT224;8,628
DEMIND_ZEIT-2009;GRNU-AT225;8,199
DEMIND_ZEIT-2009;GRNU-AT226;8,245
DEMIND_ZEIT-2009;GRNU-AT311;9,106
DEMIND_ZEIT-2009;GRNU-AT312;9,636
DEMIND_ZEIT-2009;GRNU-AT313;9,728
DEMIND_ZEIT-2009;GRNU-AT314;9,513
DEMIND_ZEIT-2009;GRNU-AT315;9,485
DEMIND_ZEIT-2009;GRNU-AT321;8,737
DEMIND_ZEIT-2009;GRNU-AT322;9,026
DEMIND_ZEIT-2009;GRNU-AT323;9,375
DEMIND_ZEIT-2009;GRNU-AT331;8,951
DEMIND_ZEIT-2009;GRNU-AT332;9,196
DEMIND_ZEIT-2009;GRNU-AT333;8,697
DEMIND_ZEIT-2009;GRNU-AT334;9,472
DEMIND_ZEIT-2009;GRNU-AT335;9,943
DEMIND_ZEIT-2009;GRNU-AT341;9,768
DEMIND_ZEIT-2009;GRNU-AT342;10,396
DEMIND_ZEIT-2009;GRNU-AT11;7,535
DEMIND_ZEIT-2009;GRNU-AT12;8,501
DEMIND_ZEIT-2009;GRNU-AT13;10,185
DEMIND_ZEIT-2009;GRNU-AT21;8,162
DEMIND_ZEIT-2009;GRNU-AT22;8,457
DEMIND_ZEIT-2009;GRNU-AT31;9,508
DEMIND_ZEIT-2009;GRNU-AT32;9,242
DEMIND_ZEIT-2009;GRNU-AT33;9,443
DEMIND_ZEIT-2009;GRNU-AT34;10,245
DEMIND_ZEIT-2009;GRNU-AT1;9,218
DEMIND_ZEIT-2009;GRNU-AT2;8,364
DEMIND_ZEIT-2009;GRNU-AT3;9,536
DEMIND_ZEIT-2009;GRNU-AT0;9,152
DEMIND_ZEIT-2010;GRNU-AT111;6,534
DEMIND_ZEIT-2010;GRNU-AT112;7,971
DEMIND_ZEIT-2010;GRNU-AT113;7,209
DEMIND_ZEIT-2010;GRNU-AT121;9,988
DEMIND_ZEIT-2010;GRNU-AT122;8,951
DEMIND_ZEIT-2010;GRNU-AT123;8,877
DEMIND_ZEIT-2010;GRNU-AT124;7,685
DEMIND_ZEIT-2010;GRNU-AT125;7,558
DEMIND_ZEIT-2010;GRNU-AT126;8,619
DEMIND_ZEIT-2010;GRNU-AT127;8,726
DEMIND_ZEIT-2010;GRNU-AT130;10,609
DEMIND_ZEIT-2010;GRNU-AT211;8,483
DEMIND_ZEIT-2010;GRNU-AT212;8,075
DEMIND_ZEIT-2010;GRNU-AT213;8,621
DEMIND_ZEIT-2010;GRNU-AT221;9,769
DEMIND_ZEIT-2010;GRNU-AT222;7,929
DEMIND_ZEIT-2010;GRNU-AT223;7,286
DEMIND_ZEIT-2010;GRNU-AT224;8,820
DEMIND_ZEIT-2010;GRNU-AT225;7,979
DEMIND_ZEIT-2010;GRNU-AT226;7,616
DEMIND_ZEIT-2010;GRNU-AT311;9,189
DEMIND_ZEIT-2010;GRNU-AT312;10,222
DEMIND_ZEIT-2010;GRNU-AT313;9,987
DEMIND_ZEIT-2010;GRNU-AT314;9,678
DEMIND_ZEIT-2010;GRNU-AT315;9,150
DEMIND_ZEIT-2010;GRNU-AT321;9,625
DEMIND_ZEIT-2010;GRNU-AT322;9,874
DEMIND_ZEIT-2010;GRNU-AT323;9,559
DEMIND_ZEIT-2010;GRNU-AT331;8,820
DEMIND_ZEIT-2010;GRNU-AT332;9,627
DEMIND_ZEIT-2010;GRNU-AT333;9,144
DEMIND_ZEIT-2010;GRNU-AT334;9,526
DEMIND_ZEIT-2010;GRNU-AT335;10,010
DEMIND_ZEIT-2010;GRNU-AT341;10,305
DEMIND_ZEIT-2010;GRNU-AT342;10,488
DEMIND_ZEIT-2010;GRNU-AT11;7,520
DEMIND_ZEIT-2010;GRNU-AT12;8,712
DEMIND_ZEIT-2010;GRNU-AT13;10,609
DEMIND_ZEIT-2010;GRNU-AT21;8,427
DEMIND_ZEIT-2010;GRNU-AT22;8,627
DEMIND_ZEIT-2010;GRNU-AT31;9,753
DEMIND_ZEIT-2010;GRNU-AT32;9,658
DEMIND_ZEIT-2010;GRNU-AT33;9,673
DEMIND_ZEIT-2010;GRNU-AT34;10,445
DEMIND_ZEIT-2010;GRNU-AT1;9,515
DEMIND_ZEIT-2010;GRNU-AT2;8,564
DEMIND_ZEIT-2010;GRNU-AT3;9,802
DEMIND_ZEIT-2010;GRNU-AT0;9,418
DEMIND_ZEIT-2011;GRNU-AT111;7,701
DEMIND_ZEIT-2011;GRNU-AT112;7,887
DEMIND_ZEIT-2011;GRNU-AT113;6,895
DEMIND_ZEIT-2011;GRNU-AT121;9,704
DEMIND_ZEIT-2011;GRNU-AT122;8,930
DEMIND_ZEIT-2011;GRNU-AT123;8,925
DEMIND_ZEIT-2011;GRNU-AT124;8,207
DEMIND_ZEIT-2011;GRNU-AT125;7,965
DEMIND_ZEIT-2011;GRNU-AT126;8,379
DEMIND_ZEIT-2011;GRNU-AT127;8,517
DEMIND_ZEIT-2011;GRNU-AT130;10,634
DEMIND_ZEIT-2011;GRNU-AT211;8,345
DEMIND_ZEIT-2011;GRNU-AT212;7,803
DEMIND_ZEIT-2011;GRNU-AT213;8,324
DEMIND_ZEIT-2011;GRNU-AT221;9,099
DEMIND_ZEIT-2011;GRNU-AT222;7,732
DEMIND_ZEIT-2011;GRNU-AT223;6,943
DEMIND_ZEIT-2011;GRNU-AT224;9,093
DEMIND_ZEIT-2011;GRNU-AT225;8,060
DEMIND_ZEIT-2011;GRNU-AT226;7,839
DEMIND_ZEIT-2011;GRNU-AT311;8,693
DEMIND_ZEIT-2011;GRNU-AT312;10,027
DEMIND_ZEIT-2011;GRNU-AT313;9,996
DEMIND_ZEIT-2011;GRNU-AT314;9,251
DEMIND_ZEIT-2011;GRNU-AT315;9,275
DEMIND_ZEIT-2011;GRNU-AT321;8,225
DEMIND_ZEIT-2011;GRNU-AT322;9,983
DEMIND_ZEIT-2011;GRNU-AT323;9,437
DEMIND_ZEIT-2011;GRNU-AT331;8,857
DEMIND_ZEIT-2011;GRNU-AT332;9,299
DEMIND_ZEIT-2011;GRNU-AT333;8,498
DEMIND_ZEIT-2011;GRNU-AT334;9,756
DEMIND_ZEIT-2011;GRNU-AT335;9,894
DEMIND_ZEIT-2011;GRNU-AT341;9,309
DEMIND_ZEIT-2011;GRNU-AT342;10,421
DEMIND_ZEIT-2011;GRNU-AT11;7,523
DEMIND_ZEIT-2011;GRNU-AT12;8,686
DEMIND_ZEIT-2011;GRNU-AT13;10,634
DEMIND_ZEIT-2011;GRNU-AT21;8,215
DEMIND_ZEIT-2011;GRNU-AT22;8,442
DEMIND_ZEIT-2011;GRNU-AT31;9,557
DEMIND_ZEIT-2011;GRNU-AT32;9,557
DEMIND_ZEIT-2011;GRNU-AT33;9,491
DEMIND_ZEIT-2011;GRNU-AT34;10,157
DEMIND_ZEIT-2011;GRNU-AT1;9,517
DEMIND_ZEIT-2011;GRNU-AT2;8,370
DEMIND_ZEIT-2011;GRNU-AT3;9,615
DEMIND_ZEIT-2011;GRNU-AT0;9,311
DEMIND_ZEIT-2012;GRNU-AT111;7,110
DEMIND_ZEIT-2012;GRNU-AT112;8,126
DEMIND_ZEIT-2012;GRNU-AT113;6,772
DEMIND_ZEIT-2012;GRNU-AT121;9,949
DEMIND_ZEIT-2012;GRNU-AT122;8,918
DEMIND_ZEIT-2012;GRNU-AT123;8,591
DEMIND_ZEIT-2012;GRNU-AT124;8,052
DEMIND_ZEIT-2012;GRNU-AT125;7,646
DEMIND_ZEIT-2012;GRNU-AT126;8,340
DEMIND_ZEIT-2012;GRNU-AT127;8,741
DEMIND_ZEIT-2012;GRNU-AT130;10,574
DEMIND_ZEIT-2012;GRNU-AT211;8,386
DEMIND_ZEIT-2012;GRNU-AT212;7,716
DEMIND_ZEIT-2012;GRNU-AT213;8,382
DEMIND_ZEIT-2012;GRNU-AT221;9,249
DEMIND_ZEIT-2012;GRNU-AT222;8,206
DEMIND_ZEIT-2012;GRNU-AT223;7,067
DEMIND_ZEIT-2012;GRNU-AT224;8,844
DEMIND_ZEIT-2012;GRNU-AT225;8,480
DEMIND_ZEIT-2012;GRNU-AT226;7,855
DEMIND_ZEIT-2012;GRNU-AT311;9,272
DEMIND_ZEIT-2012;GRNU-AT312;10,071
DEMIND_ZEIT-2012;GRNU-AT313;9,917
DEMIND_ZEIT-2012;GRNU-AT314;9,101
DEMIND_ZEIT-2012;GRNU-AT315;9,528
DEMIND_ZEIT-2012;GRNU-AT321;9,753
DEMIND_ZEIT-2012;GRNU-AT322;9,516
DEMIND_ZEIT-2012;GRNU-AT323;9,604
DEMIND_ZEIT-2012;GRNU-AT331;8,979
DEMIND_ZEIT-2012;GRNU-AT332;9,882
DEMIND_ZEIT-2012;GRNU-AT333;8,538
DEMIND_ZEIT-2012;GRNU-AT334;9,832
DEMIND_ZEIT-2012;GRNU-AT335;9,768
DEMIND_ZEIT-2012;GRNU-AT341;9,477
DEMIND_ZEIT-2012;GRNU-AT342;10,581
DEMIND_ZEIT-2012;GRNU-AT11;7,531
DEMIND_ZEIT-2012;GRNU-AT12;8,682
DEMIND_ZEIT-2012;GRNU-AT13;10,574
DEMIND_ZEIT-2012;GRNU-AT21;8,232
DEMIND_ZEIT-2012;GRNU-AT22;8,557
DEMIND_ZEIT-2012;GRNU-AT31;9,701
DEMIND_ZEIT-2012;GRNU-AT32;9,583
DEMIND_ZEIT-2012;GRNU-AT33;9,703
DEMIND_ZEIT-2012;GRNU-AT34;10,320
DEMIND_ZEIT-2012;GRNU-AT1;9,492
DEMIND_ZEIT-2012;GRNU-AT2;8,455
DEMIND_ZEIT-2012;GRNU-AT3;9,757
DEMIND_ZEIT-2012;GRNU-AT0;9,370
DEMIND_ZEIT-2013;GRNU-AT111;7,035
DEMIND_ZEIT-2013;GRNU-AT112;7,675
DEMIND_ZEIT-2013;GRNU-AT113;6,980
DEMIND_ZEIT-2013;GRNU-AT121;9,904
DEMIND_ZEIT-2013;GRNU-AT122;8,886
DEMIND_ZEIT-2013;GRNU-AT123;9,072
DEMIND_ZEIT-2013;GRNU-AT124;7,826
DEMIND_ZEIT-2013;GRNU-AT125;7,685
DEMIND_ZEIT-2013;GRNU-AT126;8,235
DEMIND_ZEIT-2013;GRNU-AT127;8,514
DEMIND_ZEIT-2013;GRNU-AT130;10,659
DEMIND_ZEIT-2013;GRNU-AT211;8,091
DEMIND_ZEIT-2013;GRNU-AT212;8,413
DEMIND_ZEIT-2013;GRNU-AT213;8,258
DEMIND_ZEIT-2013;GRNU-AT221;9,292
DEMIND_ZEIT-2013;GRNU-AT222;7,871
DEMIND_ZEIT-2013;GRNU-AT223;7,276
DEMIND_ZEIT-2013;GRNU-AT224;8,861
DEMIND_ZEIT-2013;GRNU-AT225;7,859
DEMIND_ZEIT-2013;GRNU-AT226;8,074
DEMIND_ZEIT-2013;GRNU-AT311;9,179
DEMIND_ZEIT-2013;GRNU-AT312;10,072
DEMIND_ZEIT-2013;GRNU-AT313;9,527
DEMIND_ZEIT-2013;GRNU-AT314;9,440
DEMIND_ZEIT-2013;GRNU-AT315;9,681
DEMIND_ZEIT-2013;GRNU-AT321;6,673
DEMIND_ZEIT-2013;GRNU-AT322;9,834
DEMIND_ZEIT-2013;GRNU-AT323;9,861
DEMIND_ZEIT-2013;GRNU-AT331;8,677
DEMIND_ZEIT-2013;GRNU-AT332;9,549
DEMIND_ZEIT-2013;GRNU-AT333;8,705
DEMIND_ZEIT-2013;GRNU-AT334;9,970
DEMIND_ZEIT-2013;GRNU-AT335;10,075
DEMIND_ZEIT-2013;GRNU-AT341;9,838
DEMIND_ZEIT-2013;GRNU-AT342;10,086
DEMIND_ZEIT-2013;GRNU-AT11;7,356
DEMIND_ZEIT-2013;GRNU-AT12;8,621
DEMIND_ZEIT-2013;GRNU-AT13;10,659
DEMIND_ZEIT-2013;GRNU-AT21;8,209
DEMIND_ZEIT-2013;GRNU-AT22;8,507
DEMIND_ZEIT-2013;GRNU-AT31;9,689
DEMIND_ZEIT-2013;GRNU-AT32;9,730
DEMIND_ZEIT-2013;GRNU-AT33;9,691
DEMIND_ZEIT-2013;GRNU-AT34;10,028
DEMIND_ZEIT-2013;GRNU-AT1;9,498
DEMIND_ZEIT-2013;GRNU-AT2;8,414
DEMIND_ZEIT-2013;GRNU-AT3;9,738
DEMIND_ZEIT-2013;GRNU-AT0;9,358
DEMIND_ZEIT-2014;GRNU-AT111;7,555
DEMIND_ZEIT-2014;GRNU-AT112;7,953
DEMIND_ZEIT-2014;GRNU-AT113;7,018
DEMIND_ZEIT-2014;GRNU-AT121;10,052
DEMIND_ZEIT-2014;GRNU-AT122;9,038
DEMIND_ZEIT-2014;GRNU-AT123;9,087
DEMIND_ZEIT-2014;GRNU-AT124;7,752
DEMIND_ZEIT-2014;GRNU-AT125;7,659
DEMIND_ZEIT-2014;GRNU-AT126;8,539
DEMIND_ZEIT-2014;GRNU-AT127;8,757
DEMIND_ZEIT-2014;GRNU-AT130;10,814
DEMIND_ZEIT-2014;GRNU-AT211;8,366
DEMIND_ZEIT-2014;GRNU-AT212;8,476
DEMIND_ZEIT-2014;GRNU-AT213;7,951
DEMIND_ZEIT-2014;GRNU-AT221;9,503
DEMIND_ZEIT-2014;GRNU-AT222;8,291
DEMIND_ZEIT-2014;GRNU-AT223;6,920
DEMIND_ZEIT-2014;GRNU-AT224;9,235
DEMIND_ZEIT-2014;GRNU-AT225;7,549
DEMIND_ZEIT-2014;GRNU-AT226;7,543
DEMIND_ZEIT-2014;GRNU-AT311;9,186
DEMIND_ZEIT-2014;GRNU-AT312;10,552
DEMIND_ZEIT-2014;GRNU-AT313;10,436
DEMIND_ZEIT-2014;GRNU-AT314;9,396
DEMIND_ZEIT-2014;GRNU-AT315;10,197
DEMIND_ZEIT-2014;GRNU-AT321;9,175
DEMIND_ZEIT-2014;GRNU-AT322;10,205
DEMIND_ZEIT-2014;GRNU-AT323;10,185
DEMIND_ZEIT-2014;GRNU-AT331;8,644
DEMIND_ZEIT-2014;GRNU-AT332;9,715
DEMIND_ZEIT-2014;GRNU-AT333;8,805
DEMIND_ZEIT-2014;GRNU-AT334;10,232
DEMIND_ZEIT-2014;GRNU-AT335;9,918
DEMIND_ZEIT-2014;GRNU-AT341;10,078
DEMIND_ZEIT-2014;GRNU-AT342;10,798
DEMIND_ZEIT-2014;GRNU-AT11;7,585
DEMIND_ZEIT-2014;GRNU-AT12;8,764
DEMIND_ZEIT-2014;GRNU-AT13;10,814
DEMIND_ZEIT-2014;GRNU-AT21;8,278
DEMIND_ZEIT-2014;GRNU-AT22;8,553
DEMIND_ZEIT-2014;GRNU-AT31;10,090
DEMIND_ZEIT-2014;GRNU-AT32;10,152
DEMIND_ZEIT-2014;GRNU-AT33;9,748
DEMIND_ZEIT-2014;GRNU-AT34;10,629
DEMIND_ZEIT-2014;GRNU-AT1;9,659
DEMIND_ZEIT-2014;GRNU-AT2;8,467
DEMIND_ZEIT-2014;GRNU-AT3;10,086
DEMIND_ZEIT-2014;GRNU-AT0;9,565
DEMIND_ZEIT-2015;GRNU-AT111;7,412
DEMIND_ZEIT-2015;GRNU-AT112;8,072
DEMIND_ZEIT-2015;GRNU-AT113;7,453
DEMIND_ZEIT-2015;GRNU-AT121;10,055
DEMIND_ZEIT-2015;GRNU-AT122;9,396
DEMIND_ZEIT-2015;GRNU-AT123;9,275
DEMIND_ZEIT-2015;GRNU-AT124;8,230
DEMIND_ZEIT-2015;GRNU-AT125;8,063
DEMIND_ZEIT-2015;GRNU-AT126;8,498
DEMIND_ZEIT-2015;GRNU-AT127;8,566
DEMIND_ZEIT-2015;GRNU-AT130;10,986
DEMIND_ZEIT-2015;GRNU-AT211;8,244
DEMIND_ZEIT-2015;GRNU-AT212;8,381
DEMIND_ZEIT-2015;GRNU-AT213;8,414
DEMIND_ZEIT-2015;GRNU-AT221;10,282
DEMIND_ZEIT-2015;GRNU-AT222;8,632
DEMIND_ZEIT-2015;GRNU-AT223;7,694
DEMIND_ZEIT-2015;GRNU-AT224;8,906
DEMIND_ZEIT-2015;GRNU-AT225;8,417
DEMIND_ZEIT-2015;GRNU-AT226;8,505
DEMIND_ZEIT-2015;GRNU-AT311;9,734
DEMIND_ZEIT-2015;GRNU-AT312;10,485
DEMIND_ZEIT-2015;GRNU-AT313;10,497
DEMIND_ZEIT-2015;GRNU-AT314;9,572
DEMIND_ZEIT-2015;GRNU-AT315;9,861
DEMIND_ZEIT-2015;GRNU-AT321;8,793
DEMIND_ZEIT-2015;GRNU-AT322;10,296
DEMIND_ZEIT-2015;GRNU-AT323;10,156
DEMIND_ZEIT-2015;GRNU-AT331;10,009
DEMIND_ZEIT-2015;GRNU-AT332;10,352
DEMIND_ZEIT-2015;GRNU-AT333;9,455
DEMIND_ZEIT-2015;GRNU-AT334;10,070
DEMIND_ZEIT-2015;GRNU-AT335;10,653
DEMIND_ZEIT-2015;GRNU-AT341;10,516
DEMIND_ZEIT-2015;GRNU-AT342;10,809
DEMIND_ZEIT-2015;GRNU-AT11;7,778
DEMIND_ZEIT-2015;GRNU-AT12;8,886
DEMIND_ZEIT-2015;GRNU-AT13;10,986
DEMIND_ZEIT-2015;GRNU-AT21;8,321
DEMIND_ZEIT-2015;GRNU-AT22;9,095
DEMIND_ZEIT-2015;GRNU-AT31;10,143
DEMIND_ZEIT-2015;GRNU-AT32;10,147
DEMIND_ZEIT-2015;GRNU-AT33;10,340
DEMIND_ZEIT-2015;GRNU-AT34;10,740
DEMIND_ZEIT-2015;GRNU-AT1;9,817
DEMIND_ZEIT-2015;GRNU-AT2;8,853
DEMIND_ZEIT-2015;GRNU-AT3;10,264
DEMIND_ZEIT-2015;GRNU-AT0;9,778
DEMIND_ZEIT-2016;GRNU-AT111;7,421
DEMIND_ZEIT-2016;GRNU-AT112;8,339
DEMIND_ZEIT-2016;GRNU-AT113;7,392
DEMIND_ZEIT-2016;GRNU-AT121;10,554
DEMIND_ZEIT-2016;GRNU-AT122;9,428
DEMIND_ZEIT-2016;GRNU-AT123;9,531
DEMIND_ZEIT-2016;GRNU-AT124;8,900
DEMIND_ZEIT-2016;GRNU-AT125;8,394
DEMIND_ZEIT-2016;GRNU-AT126;9,079
DEMIND_ZEIT-2016;GRNU-AT127;8,919
DEMIND_ZEIT-2016;GRNU-AT130;11,226
DEMIND_ZEIT-2016;GRNU-AT211;8,942
DEMIND_ZEIT-2016;GRNU-AT212;8,608
DEMIND_ZEIT-2016;GRNU-AT213;8,257
DEMIND_ZEIT-2016;GRNU-AT221;10,234
DEMIND_ZEIT-2016;GRNU-AT222;8,826
DEMIND_ZEIT-2016;GRNU-AT223;7,703
DEMIND_ZEIT-2016;GRNU-AT224;9,088
DEMIND_ZEIT-2016;GRNU-AT225;8,144
DEMIND_ZEIT-2016;GRNU-AT226;8,275
DEMIND_ZEIT-2016;GRNU-AT311;10,425
DEMIND_ZEIT-2016;GRNU-AT312;10,834
DEMIND_ZEIT-2016;GRNU-AT313;10,604
DEMIND_ZEIT-2016;GRNU-AT314;9,784
DEMIND_ZEIT-2016;GRNU-AT315;10,703
DEMIND_ZEIT-2016;GRNU-AT321;8,786
DEMIND_ZEIT-2016;GRNU-AT322;10,690
DEMIND_ZEIT-2016;GRNU-AT323;10,240
DEMIND_ZEIT-2016;GRNU-AT331;9,186
DEMIND_ZEIT-2016;GRNU-AT332;10,081
DEMIND_ZEIT-2016;GRNU-AT333;8,252
DEMIND_ZEIT-2016;GRNU-AT334;10,540
DEMIND_ZEIT-2016;GRNU-AT335;10,851
DEMIND_ZEIT-2016;GRNU-AT341;11,536
DEMIND_ZEIT-2016;GRNU-AT342;11,093
DEMIND_ZEIT-2016;GRNU-AT11;7,903
DEMIND_ZEIT-2016;GRNU-AT12;9,285
DEMIND_ZEIT-2016;GRNU-AT13;11,226
DEMIND_ZEIT-2016;GRNU-AT21;8,683
DEMIND_ZEIT-2016;GRNU-AT22;9,076
DEMIND_ZEIT-2016;GRNU-AT31;10,590
DEMIND_ZEIT-2016;GRNU-AT32;10,323
DEMIND_ZEIT-2016;GRNU-AT33;10,246
DEMIND_ZEIT-2016;GRNU-AT34;11,197
DEMIND_ZEIT-2016;GRNU-AT1;10,125
DEMIND_ZEIT-2016;GRNU-AT2;8,953
DEMIND_ZEIT-2016;GRNU-AT3;10,537
DEMIND_ZEIT-2016;GRNU-AT0;10,032
DEMIND_ZEIT-2017;GRNU-AT111;7,052
DEMIND_ZEIT-2017;GRNU-AT112;7,871
DEMIND_ZEIT-2017;GRNU-AT113;7,206
DEMIND_ZEIT-2017;GRNU-AT121;10,519
DEMIND_ZEIT-2017;GRNU-AT122;9,329
DEMIND_ZEIT-2017;GRNU-AT123;9,919
DEMIND_ZEIT-2017;GRNU-AT124;8,747
DEMIND_ZEIT-2017;GRNU-AT125;7,735
DEMIND_ZEIT-2017;GRNU-AT126;8,922
DEMIND_ZEIT-2017;GRNU-AT127;8,788
DEMIND_ZEIT-2017;GRNU-AT130;10,958
DEMIND_ZEIT-2017;GRNU-AT211;8,700
DEMIND_ZEIT-2017;GRNU-AT212;8,604
DEMIND_ZEIT-2017;GRNU-AT213;8,810
DEMIND_ZEIT-2017;GRNU-AT221;10,026
DEMIND_ZEIT-2017;GRNU-AT222;8,818
DEMIND_ZEIT-2017;GRNU-AT223;8,038
DEMIND_ZEIT-2017;GRNU-AT224;9,567
DEMIND_ZEIT-2017;GRNU-AT225;8,489
DEMIND_ZEIT-2017;GRNU-AT226;8,116
DEMIND_ZEIT-2017;GRNU-AT311;10,267
DEMIND_ZEIT-2017;GRNU-AT312;10,859
DEMIND_ZEIT-2017;GRNU-AT313;10,555
DEMIND_ZEIT-2017;GRNU-AT314;9,631
DEMIND_ZEIT-2017;GRNU-AT315;10,278
DEMIND_ZEIT-2017;GRNU-AT321;9,123
DEMIND_ZEIT-2017;GRNU-AT322;10,679
DEMIND_ZEIT-2017;GRNU-AT323;10,662
DEMIND_ZEIT-2017;GRNU-AT331;8,873
DEMIND_ZEIT-2017;GRNU-AT332;10,087
DEMIND_ZEIT-2017;GRNU-AT333;9,852
DEMIND_ZEIT-2017;GRNU-AT334;11,092
DEMIND_ZEIT-2017;GRNU-AT335;10,732
DEMIND_ZEIT-2017;GRNU-AT341;11,037
DEMIND_ZEIT-2017;GRNU-AT342;10,948
DEMIND_ZEIT-2017;GRNU-AT11;7,543
DEMIND_ZEIT-2017;GRNU-AT12;9,174
DEMIND_ZEIT-2017;GRNU-AT13;10,958
DEMIND_ZEIT-2017;GRNU-AT21;8,708
DEMIND_ZEIT-2017;GRNU-AT22;9,196
DEMIND_ZEIT-2017;GRNU-AT31;10,478
DEMIND_ZEIT-2017;GRNU-AT32;10,610
DEMIND_ZEIT-2017;GRNU-AT33;10,377
DEMIND_ZEIT-2017;GRNU-AT34;10,968
DEMIND_ZEIT-2017;GRNU-AT1;9,923
DEMIND_ZEIT-2017;GRNU-AT2;9,044
DEMIND_ZEIT-2017;GRNU-AT3;10,538
DEMIND_ZEIT-2017;GRNU-AT0;9,964
DEMIND_ZEIT-2018;GRNU-AT111;7,510
DEMIND_ZEIT-2018;GRNU-AT112;8,127
DEMIND_ZEIT-2018;GRNU-AT113;6,771
DEMIND_ZEIT-2018;GRNU-AT121;10,033
DEMIND_ZEIT-2018;GRNU-AT122;9,119
DEMIND_ZEIT-2018;GRNU-AT123;9,145
DEMIND_ZEIT-2018;GRNU-AT124;8,307
DEMIND_ZEIT-2018;GRNU-AT125;7,670
DEMIND_ZEIT-2018;GRNU-AT126;8,761
DEMIND_ZEIT-2018;GRNU-AT127;8,649
DEMIND_ZEIT-2018;GRNU-AT130;10,590
DEMIND_ZEIT-2018;GRNU-AT211;8,320
DEMIND_ZEIT-2018;GRNU-AT212;8,091
DEMIND_ZEIT-2018;GRNU-AT213;8,317
DEMIND_ZEIT-2018;GRNU-AT221;9,942
DEMIND_ZEIT-2018;GRNU-AT222;9,124
DEMIND_ZEIT-2018;GRNU-AT223;7,332
DEMIND_ZEIT-2018;GRNU-AT224;8,817
DEMIND_ZEIT-2018;GRNU-AT225;8,377
DEMIND_ZEIT-2018;GRNU-AT226;7,846
DEMIND_ZEIT-2018;GRNU-AT311;10,095
DEMIND_ZEIT-2018;GRNU-AT312;10,552
DEMIND_ZEIT-2018;GRNU-AT313;10,436
DEMIND_ZEIT-2018;GRNU-AT314;9,443
DEMIND_ZEIT-2018;GRNU-AT315;9,923
DEMIND_ZEIT-2018;GRNU-AT321;8,165
DEMIND_ZEIT-2018;GRNU-AT322;10,131
DEMIND_ZEIT-2018;GRNU-AT323;10,208
DEMIND_ZEIT-2018;GRNU-AT331;8,991
DEMIND_ZEIT-2018;GRNU-AT332;10,105
DEMIND_ZEIT-2018;GRNU-AT333;9,511
DEMIND_ZEIT-2018;GRNU-AT334;11,003
DEMIND_ZEIT-2018;GRNU-AT335;10,367
DEMIND_ZEIT-2018;GRNU-AT341;10,194
DEMIND_ZEIT-2018;GRNU-AT342;11,237
DEMIND_ZEIT-2018;GRNU-AT11;7,599
DEMIND_ZEIT-2018;GRNU-AT12;8,876
DEMIND_ZEIT-2018;GRNU-AT13;10,590
DEMIND_ZEIT-2018;GRNU-AT21;8,269
DEMIND_ZEIT-2018;GRNU-AT22;8,898
DEMIND_ZEIT-2018;GRNU-AT31;10,229
DEMIND_ZEIT-2018;GRNU-AT32;10,110
DEMIND_ZEIT-2018;GRNU-AT33;10,232
DEMIND_ZEIT-2018;GRNU-AT34;10,994
DEMIND_ZEIT-2018;GRNU-AT1;9,620
DEMIND_ZEIT-2018;GRNU-AT2;8,702
DEMIND_ZEIT-2018;GRNU-AT3;10,303
DEMIND_ZEIT-2018;GRNU-AT0;9,678
DEMIND_ZEIT-2019;GRNU-AT111;6,170
DEMIND_ZEIT-2019;GRNU-AT112;8,182
DEMIND_ZEIT-2019;GRNU-AT113;7,181
DEMIND_ZEIT-2019;GRNU-AT121;9,903
DEMIND_ZEIT-2019;GRNU-AT122;8,827
DEMIND_ZEIT-2019;GRNU-AT123;9,229
DEMIND_ZEIT-2019;GRNU-AT124;8,233
DEMIND_ZEIT-2019;GRNU-AT125;8,219
DEMIND_ZEIT-2019;GRNU-AT126;8,495
DEMIND_ZEIT-2019;GRNU-AT127;8,256
DEMIND_ZEIT-2019;GRNU-AT130;10,474
DEMIND_ZEIT-2019;GRNU-AT211;8,030
DEMIND_ZEIT-2019;GRNU-AT212;7,977
DEMIND_ZEIT-2019;GRNU-AT213;7,937
DEMIND_ZEIT-2019;GRNU-AT221;9,981
DEMIND_ZEIT-2019;GRNU-AT222;8,470
DEMIND_ZEIT-2019;GRNU-AT223;7,494
DEMIND_ZEIT-2019;GRNU-AT224;8,781
DEMIND_ZEIT-2019;GRNU-AT225;7,897
DEMIND_ZEIT-2019;GRNU-AT226;7,875
DEMIND_ZEIT-2019;GRNU-AT311;10,270
DEMIND_ZEIT-2019;GRNU-AT312;10,249
DEMIND_ZEIT-2019;GRNU-AT313;10,270
DEMIND_ZEIT-2019;GRNU-AT314;9,304
DEMIND_ZEIT-2019;GRNU-AT315;10,091
DEMIND_ZEIT-2019;GRNU-AT321;8,135
DEMIND_ZEIT-2019;GRNU-AT322;10,671
DEMIND_ZEIT-2019;GRNU-AT323;10,377
DEMIND_ZEIT-2019;GRNU-AT331;9,348
DEMIND_ZEIT-2019;GRNU-AT332;9,834
DEMIND_ZEIT-2019;GRNU-AT333;10,357
DEMIND_ZEIT-2019;GRNU-AT334;10,788
DEMIND_ZEIT-2019;GRNU-AT335;9,760
DEMIND_ZEIT-2019;GRNU-AT341;10,527
DEMIND_ZEIT-2019;GRNU-AT342;11,024
DEMIND_ZEIT-2019;GRNU-AT11;7,596
DEMIND_ZEIT-2019;GRNU-AT12;8,718
DEMIND_ZEIT-2019;GRNU-AT13;10,474
DEMIND_ZEIT-2019;GRNU-AT21;7,994
DEMIND_ZEIT-2019;GRNU-AT22;8,815
DEMIND_ZEIT-2019;GRNU-AT31;10,132
DEMIND_ZEIT-2019;GRNU-AT32;10,384
DEMIND_ZEIT-2019;GRNU-AT33;9,954
DEMIND_ZEIT-2019;GRNU-AT34;10,909
DEMIND_ZEIT-2019;GRNU-AT1;9,495
DEMIND_ZEIT-2019;GRNU-AT2;8,560
DEMIND_ZEIT-2019;GRNU-AT3;10,230
DEMIND_ZEIT-2019;GRNU-AT0;9,569
DEMIND_ZEIT-2020;GRNU-AT111;5,909
DEMIND_ZEIT-2020;GRNU-AT112;7,934
DEMIND_ZEIT-2020;GRNU-AT113;6,227
DEMIND_ZEIT-2020;GRNU-AT121;9,681
DEMIND_ZEIT-2020;GRNU-AT122;9,202
DEMIND_ZEIT-2020;GRNU-AT123;8,955
DEMIND_ZEIT-2020;GRNU-AT124;7,735
DEMIND_ZEIT-2020;GRNU-AT125;8,333
DEMIND_ZEIT-2020;GRNU-AT126;8,309
DEMIND_ZEIT-2020;GRNU-AT127;8,410
DEMIND_ZEIT-2020;GRNU-AT130;10,002
DEMIND_ZEIT-2020;GRNU-AT211;8,075
DEMIND_ZEIT-2020;GRNU-AT212;7,701
DEMIND_ZEIT-2020;GRNU-AT213;8,560
DEMIND_ZEIT-2020;GRNU-AT221;9,738
DEMIND_ZEIT-2020;GRNU-AT222;8,422
DEMIND_ZEIT-2020;GRNU-AT223;7,017
DEMIND_ZEIT-2020;GRNU-AT224;8,890
DEMIND_ZEIT-2020;GRNU-AT225;8,366
DEMIND_ZEIT-2020;GRNU-AT226;7,914
DEMIND_ZEIT-2020;GRNU-AT311;9,997
DEMIND_ZEIT-2020;GRNU-AT312;10,023
DEMIND_ZEIT-2020;GRNU-AT313;9,932
DEMIND_ZEIT-2020;GRNU-AT314;9,496
DEMIND_ZEIT-2020;GRNU-AT315;9,597
DEMIND_ZEIT-2020;GRNU-AT321;9,322
DEMIND_ZEIT-2020;GRNU-AT322;10,657
DEMIND_ZEIT-2020;GRNU-AT323;10,170
DEMIND_ZEIT-2020;GRNU-AT331;9,475
DEMIND_ZEIT-2020;GRNU-AT332;9,704
DEMIND_ZEIT-2020;GRNU-AT333;9,443
DEMIND_ZEIT-2020;GRNU-AT334;10,870
DEMIND_ZEIT-2020;GRNU-AT335;9,902
DEMIND_ZEIT-2020;GRNU-AT341;10,604
DEMIND_ZEIT-2020;GRNU-AT342;10,558
DEMIND_ZEIT-2020;GRNU-AT11;7,116
DEMIND_ZEIT-2020;GRNU-AT12;8,658
DEMIND_ZEIT-2020;GRNU-AT13;10,002
DEMIND_ZEIT-2020;GRNU-AT21;8,121
DEMIND_ZEIT-2020;GRNU-AT22;8,767
DEMIND_ZEIT-2020;GRNU-AT31;9,882
DEMIND_ZEIT-2020;GRNU-AT32;10,287
DEMIND_ZEIT-2020;GRNU-AT33;9,906
DEMIND_ZEIT-2020;GRNU-AT34;10,568
DEMIND_ZEIT-2020;GRNU-AT1;9,202
DEMIND_ZEIT-2020;GRNU-AT2;8,566
DEMIND_ZEIT-2020;GRNU-AT3;10,043
DEMIND_ZEIT-2020;GRNU-AT0;9,376
DEMIND_ZEIT-2021;GRNU-AT111;6,248
DEMIND_ZEIT-2021;GRNU-AT112;7,984
DEMIND_ZEIT-2021;GRNU-AT113;7,326
DEMIND_ZEIT-2021;GRNU-AT121;10,141
DEMIND_ZEIT-2021;GRNU-AT122;8,898
DEMIND_ZEIT-2021;GRNU-AT123;9,549
DEMIND_ZEIT-2021;GRNU-AT124;8,239
DEMIND_ZEIT-2021;GRNU-AT125;8,305
DEMIND_ZEIT-2021;GRNU-AT126;8,950
DEMIND_ZEIT-2021;GRNU-AT127;8,804
DEMIND_ZEIT-2021;GRNU-AT130;10,063
DEMIND_ZEIT-2021;GRNU-AT211;8,333
DEMIND_ZEIT-2021;GRNU-AT212;8,290
DEMIND_ZEIT-2021;GRNU-AT213;7,944
DEMIND_ZEIT-2021;GRNU-AT221;10,061
DEMIND_ZEIT-2021;GRNU-AT222;8,980
DEMIND_ZEIT-2021;GRNU-AT223;7,861
DEMIND_ZEIT-2021;GRNU-AT224;9,159
DEMIND_ZEIT-2021;GRNU-AT225;8,234
DEMIND_ZEIT-2021;GRNU-AT226;8,241
DEMIND_ZEIT-2021;GRNU-AT311;10,459
DEMIND_ZEIT-2021;GRNU-AT312;10,166
DEMIND_ZEIT-2021;GRNU-AT313;10,193
DEMIND_ZEIT-2021;GRNU-AT314;10,055
DEMIND_ZEIT-2021;GRNU-AT315;9,847
DEMIND_ZEIT-2021;GRNU-AT321;8,987
DEMIND_ZEIT-2021;GRNU-AT322;10,421
DEMIND_ZEIT-2021;GRNU-AT323;10,242
DEMIND_ZEIT-2021;GRNU-AT331;8,932
DEMIND_ZEIT-2021;GRNU-AT332;10,447
DEMIND_ZEIT-2021;GRNU-AT333;9,787
DEMIND_ZEIT-2021;GRNU-AT334;10,501
DEMIND_ZEIT-2021;GRNU-AT335;10,655
DEMIND_ZEIT-2021;GRNU-AT341;10,933
DEMIND_ZEIT-2021;GRNU-AT342;10,662
DEMIND_ZEIT-2021;GRNU-AT11;7,550
DEMIND_ZEIT-2021;GRNU-AT12;9,003
DEMIND_ZEIT-2021;GRNU-AT13;10,063
DEMIND_ZEIT-2021;GRNU-AT21;8,221
DEMIND_ZEIT-2021;GRNU-AT22;9,091
DEMIND_ZEIT-2021;GRNU-AT31;10,164
DEMIND_ZEIT-2021;GRNU-AT32;10,251
DEMIND_ZEIT-2021;GRNU-AT33;10,417
DEMIND_ZEIT-2021;GRNU-AT34;10,725
DEMIND_ZEIT-2021;GRNU-AT1;9,414
DEMIND_ZEIT-2021;GRNU-AT2;8,821
DEMIND_ZEIT-2021;GRNU-AT3;10,309
DEMIND_ZEIT-2021;GRNU-AT0;9,616
DEMIND_ZEIT-2022;GRNU-AT111;6,770
DEMIND_ZEIT-2022;GRNU-AT112;7,435
DEMIND_ZEIT-2022;GRNU-AT113;6,778
DEMIND_ZEIT-2022;GRNU-AT121;9,699
DEMIND_ZEIT-2022;GRNU-AT122;8,387
DEMIND_ZEIT-2022;GRNU-AT123;9,186
DEMIND_ZEIT-2022;GRNU-AT124;8,098
DEMIND_ZEIT-2022;GRNU-AT125;7,583
DEMIND_ZEIT-2022;GRNU-AT126;8,334
DEMIND_ZEIT-2022;GRNU-AT127;8,041
DEMIND_ZEIT-2022;GRNU-AT130;9,763
DEMIND_ZEIT-2022;GRNU-AT211;7,919
DEMIND_ZEIT-2022;GRNU-AT212;7,839
DEMIND_ZEIT-2022;GRNU-AT213;7,793
DEMIND_ZEIT-2022;GRNU-AT221;9,425
DEMIND_ZEIT-2022;GRNU-AT222;8,349
DEMIND_ZEIT-2022;GRNU-AT223;6,990
DEMIND_ZEIT-2022;GRNU-AT224;8,322
DEMIND_ZEIT-2022;GRNU-AT225;8,048
DEMIND_ZEIT-2022;GRNU-AT226;7,960
DEMIND_ZEIT-2022;GRNU-AT311;10,099
DEMIND_ZEIT-2022;GRNU-AT312;9,882
DEMIND_ZEIT-2022;GRNU-AT313;9,942
DEMIND_ZEIT-2022;GRNU-AT314;9,286
DEMIND_ZEIT-2022;GRNU-AT315;9,205
DEMIND_ZEIT-2022;GRNU-AT321;9,632
DEMIND_ZEIT-2022;GRNU-AT322;10,196
DEMIND_ZEIT-2022;GRNU-AT323;9,381
DEMIND_ZEIT-2022;GRNU-AT331;8,392
DEMIND_ZEIT-2022;GRNU-AT332;9,233
DEMIND_ZEIT-2022;GRNU-AT333;9,783
DEMIND_ZEIT-2022;GRNU-AT334;10,735
DEMIND_ZEIT-2022;GRNU-AT335;9,914
DEMIND_ZEIT-2022;GRNU-AT341;10,097
DEMIND_ZEIT-2022;GRNU-AT342;9,863
DEMIND_ZEIT-2022;GRNU-AT11;7,137
DEMIND_ZEIT-2022;GRNU-AT12;8,475
DEMIND_ZEIT-2022;GRNU-AT13;9,763
DEMIND_ZEIT-2022;GRNU-AT21;7,869
DEMIND_ZEIT-2022;GRNU-AT22;8,485
DEMIND_ZEIT-2022;GRNU-AT31;9,762
DEMIND_ZEIT-2022;GRNU-AT32;9,637
DEMIND_ZEIT-2022;GRNU-AT33;9,674
DEMIND_ZEIT-2022;GRNU-AT34;9,917
DEMIND_ZEIT-2022;GRNU-AT1;9,010
DEMIND_ZEIT-2022;GRNU-AT2;8,294
DEMIND_ZEIT-2022;GRNU-AT3;9,739
DEMIND_ZEIT-2022;GRNU-AT0;9,127
DEMIND_ZEIT-2023;GRNU-AT111;5,744
DEMIND_ZEIT-2023;GRNU-AT112;6,883
DEMIND_ZEIT-2023;GRNU-AT113;6,342
DEMIND_ZEIT-2023;GRNU-AT121;8,849
DEMIND_ZEIT-2023;GRNU-AT122;8,074
DEMIND_ZEIT-2023;GRNU-AT123;8,017
DEMIND_ZEIT-2023;GRNU-AT124;7,349
DEMIND_ZEIT-2023;GRNU-AT125;7,051
DEMIND_ZEIT-2023;GRNU-AT126;7,870
DEMIND_ZEIT-2023;GRNU-AT127;7,509
DEMIND_ZEIT-2023;GRNU-AT130;9,067
DEMIND_ZEIT-2023;GRNU-AT211;7,418
DEMIND_ZEIT-2023;GRNU-AT212;7,403
DEMIND_ZEIT-2023;GRNU-AT213;7,400
DEMIND_ZEIT-2023;GRNU-AT221;9,284
DEMIND_ZEIT-2023;GRNU-AT222;8,526
DEMIND_ZEIT-2023;GRNU-AT223;6,539
DEMIND_ZEIT-2023;GRNU-AT224;7,885
DEMIND_ZEIT-2023;GRNU-AT225;7,607
DEMIND_ZEIT-2023;GRNU-AT226;7,385
DEMIND_ZEIT-2023;GRNU-AT311;8,937
DEMIND_ZEIT-2023;GRNU-AT312;9,119
DEMIND_ZEIT-2023;GRNU-AT313;9,227
DEMIND_ZEIT-2023;GRNU-AT314;8,620
DEMIND_ZEIT-2023;GRNU-AT315;8,517
DEMIND_ZEIT-2023;GRNU-AT321;7,981
DEMIND_ZEIT-2023;GRNU-AT322;9,329
DEMIND_ZEIT-2023;GRNU-AT323;8,866
DEMIND_ZEIT-2023;GRNU-AT331;8,454
DEMIND_ZEIT-2023;GRNU-AT332;8,441
DEMIND_ZEIT-2023;GRNU-AT333;8,984
DEMIND_ZEIT-2023;GRNU-AT334;9,109
DEMIND_ZEIT-2023;GRNU-AT335;8,960
DEMIND_ZEIT-2023;GRNU-AT341;9,558
DEMIND_ZEIT-2023;GRNU-AT342;9,521
DEMIND_ZEIT-2023;GRNU-AT11;6,564
DEMIND_ZEIT-2023;GRNU-AT12;7,857
DEMIND_ZEIT-2023;GRNU-AT13;9,067
DEMIND_ZEIT-2023;GRNU-AT21;7,410
DEMIND_ZEIT-2023;GRNU-AT22;8,187
DEMIND_ZEIT-2023;GRNU-AT31;8,951
DEMIND_ZEIT-2023;GRNU-AT32;8,975
DEMIND_ZEIT-2023;GRNU-AT33;8,747
DEMIND_ZEIT-2023;GRNU-AT34;9,530
DEMIND_ZEIT-2023;GRNU-AT1;8,361
DEMIND_ZEIT-2023;GRNU-AT2;7,946
DEMIND_ZEIT-2023;GRNU-AT3;8,979
DEMIND_ZEIT-2023;GRNU-AT0;8,499
DEMIND_ZEIT-2024;GRNU-AT111;5,990
DEMIND_ZEIT-2024;GRNU-AT112;6,399
DEMIND_ZEIT-2024;GRNU-AT113;5,939
DEMIND_ZEIT-2024;GRNU-AT121;8,567
DEMIND_ZEIT-2024;GRNU-AT122;8,029
DEMIND_ZEIT-2024;GRNU-AT123;7,956
DEMIND_ZEIT-2024;GRNU-AT124;7,269
DEMIND_ZEIT-2024;GRNU-AT125;6,942
DEMIND_ZEIT-2024;GRNU-AT126;7,572
DEMIND_ZEIT-2024;GRNU-AT127;7,308
DEMIND_ZEIT-2024;GRNU-AT130;9,453
DEMIND_ZEIT-2024;GRNU-AT211;7,278
DEMIND_ZEIT-2024;GRNU-AT212;7,039
DEMIND_ZEIT-2024;GRNU-AT213;7,040
DEMIND_ZEIT-2024;GRNU-AT221;8,995
DEMIND_ZEIT-2024;GRNU-AT222;7,356
DEMIND_ZEIT-2024;GRNU-AT223;6,609
DEMIND_ZEIT-2024;GRNU-AT224;7,301
DEMIND_ZEIT-2024;GRNU-AT225;7,028
DEMIND_ZEIT-2024;GRNU-AT226;7,592
DEMIND_ZEIT-2024;GRNU-AT311;9,158
DEMIND_ZEIT-2024;GRNU-AT312;9,071
DEMIND_ZEIT-2024;GRNU-AT313;9,144
DEMIND_ZEIT-2024;GRNU-AT314;8,337
DEMIND_ZEIT-2024;GRNU-AT315;8,437
DEMIND_ZEIT-2024;GRNU-AT321;8,160
DEMIND_ZEIT-2024;GRNU-AT322;8,710
DEMIND_ZEIT-2024;GRNU-AT323;8,458
DEMIND_ZEIT-2024;GRNU-AT331;8,560
DEMIND_ZEIT-2024;GRNU-AT332;8,289
DEMIND_ZEIT-2024;GRNU-AT333;9,357
DEMIND_ZEIT-2024;GRNU-AT334;8,888
DEMIND_ZEIT-2024;GRNU-AT335;8,833
DEMIND_ZEIT-2024;GRNU-AT341;8,848
DEMIND_ZEIT-2024;GRNU-AT342;9,215
DEMIND_ZEIT-2024;GRNU-AT11;6,198
DEMIND_ZEIT-2024;GRNU-AT12;7,685
DEMIND_ZEIT-2024;GRNU-AT13;9,453
DEMIND_ZEIT-2024;GRNU-AT21;7,164
DEMIND_ZEIT-2024;GRNU-AT22;7,822
DEMIND_ZEIT-2024;GRNU-AT31;8,921
DEMIND_ZEIT-2024;GRNU-AT32;8,524
DEMIND_ZEIT-2024;GRNU-AT33;8,639
DEMIND_ZEIT-2024;GRNU-AT34;9,130
DEMIND_ZEIT-2024;GRNU-AT1;8,456
DEMIND_ZEIT-2024;GRNU-AT2;7,619
DEMIND_ZEIT-2024;GRNU-AT3;8,812
DEMIND_ZEIT-2024;GRNU-AT0;8,416
